"","Code","Cause"
"1","C000","Malignant neoplasm of external upper lip"
"2","C001","Malignant neoplasm of external lower lip"
"3","C002","Malignant neoplasm of external lip, unspecified"
"4","C003","Malignant neoplasm of upper lip, inner aspect"
"5","C004","Malignant neoplasm of lower lip, inner aspect"
"6","C005","Malignant neoplasm of lip, unspecified, inner aspect"
"7","C006","Malignant neoplasm of commissure of lip, unspecified"
"8","C008","Malignant neoplasm of overlapping sites of lip"
"9","C009","Malignant neoplasm of lip, unspecified"
"10","C01","Malignant neoplasm of base of tongue"
"11","C020","Malignant neoplasm of dorsal surface of tongue"
"12","C021","Malignant neoplasm of border of tongue"
"13","C022","Malignant neoplasm of ventral surface of tongue"
"14","C023","Malignant neoplasm of anterior two-thirds of tongue, part unspecified"
"15","C024","Malignant neoplasm of lingual tonsil"
"16","C028","Malignant neoplasm of overlapping sites of tongue"
"17","C029","Malignant neoplasm of tongue, unspecified"
"18","C030","Malignant neoplasm of upper gum"
"19","C031","Malignant neoplasm of lower gum"
"20","C039","Malignant neoplasm of gum, unspecified"
"21","C040","Malignant neoplasm of anterior floor of mouth"
"22","C041","Malignant neoplasm of lateral floor of mouth"
"23","C048","Malignant neoplasm of overlapping sites of floor of mouth"
"24","C049","Malignant neoplasm of floor of mouth, unspecified"
"25","C050","Malignant neoplasm of hard palate"
"26","C051","Malignant neoplasm of soft palate"
"27","C052","Malignant neoplasm of uvula"
"28","C058","Malignant neoplasm of overlapping sites of palate"
"29","C059","Malignant neoplasm of palate, unspecified"
"30","C060","Malignant neoplasm of cheek mucosa"
"31","C061","Malignant neoplasm of vestibule of mouth"
"32","C062","Malignant neoplasm of retromolar area"
"33","C0680","Malignant neoplasm of overlapping sites of unspecified parts of mouth"
"34","C0689","Malignant neoplasm of overlapping sites of other parts of mouth"
"35","C069","Malignant neoplasm of mouth, unspecified"
"36","C07","Malignant neoplasm of parotid gland"
"37","C080","Malignant neoplasm of submandibular gland"
"38","C081","Malignant neoplasm of sublingual gland"
"39","C089","Malignant neoplasm of major salivary gland, unspecified"
"40","C090","Malignant neoplasm of tonsillar fossa"
"41","C091","Malignant neoplasm of tonsillar pillar (anterior) (posterior)"
"42","C098","Malignant neoplasm of overlapping sites of tonsil"
"43","C099","Malignant neoplasm of tonsil, unspecified"
"44","C100","Malignant neoplasm of vallecula"
"45","C101","Malignant neoplasm of anterior surface of epiglottis"
"46","C102","Malignant neoplasm of lateral wall of oropharynx"
"47","C103","Malignant neoplasm of posterior wall of oropharynx"
"48","C104","Malignant neoplasm of branchial cleft"
"49","C108","Malignant neoplasm of overlapping sites of oropharynx"
"50","C109","Malignant neoplasm of oropharynx, unspecified"
"51","C110","Malignant neoplasm of superior wall of nasopharynx"
"52","C111","Malignant neoplasm of posterior wall of nasopharynx"
"53","C112","Malignant neoplasm of lateral wall of nasopharynx"
"54","C113","Malignant neoplasm of anterior wall of nasopharynx"
"55","C118","Malignant neoplasm of overlapping sites of nasopharynx"
"56","C119","Malignant neoplasm of nasopharynx, unspecified"
"57","C12","Malignant neoplasm of pyriform sinus"
"58","C130","Malignant neoplasm of postcricoid region"
"59","C131","Malignant neoplasm of aryepiglottic fold, hypopharyngeal aspect"
"60","C132","Malignant neoplasm of posterior wall of hypopharynx"
"61","C138","Malignant neoplasm of overlapping sites of hypopharynx"
"62","C139","Malignant neoplasm of hypopharynx, unspecified"
"63","C140","Malignant neoplasm of pharynx, unspecified"
"64","C142","Malignant neoplasm of Waldeyer's ring"
"65","C148","Malignant neoplasm of overlapping sites of lip, oral cavity and pharynx"
"66","C153","Malignant neoplasm of upper third of esophagus"
"67","C154","Malignant neoplasm of middle third of esophagus"
"68","C155","Malignant neoplasm of lower third of esophagus"
"69","C158","Malignant neoplasm of overlapping sites of esophagus"
"70","C159","Malignant neoplasm of esophagus, unspecified"
"71","C160","Malignant neoplasm of cardia"
"72","C161","Malignant neoplasm of fundus of stomach"
"73","C162","Malignant neoplasm of body of stomach"
"74","C163","Malignant neoplasm of pyloric antrum"
"75","C164","Malignant neoplasm of pylorus"
"76","C165","Malignant neoplasm of lesser curvature of stomach, unspecified"
"77","C166","Malignant neoplasm of greater curvature of stomach, unspecified"
"78","C168","Malignant neoplasm of overlapping sites of stomach"
"79","C169","Malignant neoplasm of stomach, unspecified"
"80","C170","Malignant neoplasm of duodenum"
"81","C171","Malignant neoplasm of jejunum"
"82","C172","Malignant neoplasm of ileum"
"83","C178","Malignant neoplasm of overlapping sites of small intestine"
"84","C179","Malignant neoplasm of small intestine, unspecified"
"85","C180","Malignant neoplasm of cecum"
"86","C181","Malignant neoplasm of appendix"
"87","C182","Malignant neoplasm of ascending colon"
"88","C183","Malignant neoplasm of hepatic flexure"
"89","C184","Malignant neoplasm of transverse colon"
"90","C185","Malignant neoplasm of splenic flexure"
"91","C186","Malignant neoplasm of descending colon"
"92","C187","Malignant neoplasm of sigmoid colon"
"93","C188","Malignant neoplasm of overlapping sites of colon"
"94","C189","Malignant neoplasm of colon, unspecified"
"95","C19","Malignant neoplasm of rectosigmoid junction"
"96","C20","Malignant neoplasm of rectum"
"97","C210","Malignant neoplasm of anus, unspecified"
"98","C211","Malignant neoplasm of anal canal"
"99","C212","Malignant neoplasm of cloacogenic zone"
"100","C218","Malignant neoplasm of overlapping sites of rectum, anus and anal canal"
"101","C228","Malignant neoplasm of liver, primary, unspecified as to type"
"102","C229","Malignant neoplasm of liver, not specified as primary or secondary"
"103","C23","Malignant neoplasm of gallbladder"
"104","C240","Malignant neoplasm of extrahepatic bile duct"
"105","C241","Malignant neoplasm of ampulla of Vater"
"106","C248","Malignant neoplasm of overlapping sites of biliary tract"
"107","C249","Malignant neoplasm of biliary tract, unspecified"
"108","C250","Malignant neoplasm of head of pancreas"
"109","C251","Malignant neoplasm of body of pancreas"
"110","C252","Malignant neoplasm of tail of pancreas"
"111","C253","Malignant neoplasm of pancreatic duct"
"112","C254","Malignant neoplasm of endocrine pancreas"
"113","C257","Malignant neoplasm of other parts of pancreas"
"114","C258","Malignant neoplasm of overlapping sites of pancreas"
"115","C259","Malignant neoplasm of pancreas, unspecified"
"116","C260","Malignant neoplasm of intestinal tract, part unspecified"
"117","C261","Malignant neoplasm of spleen"
"118","C269","Malignant neoplasm of ill-defined sites within the digestive system"
"119","C300","Malignant neoplasm of nasal cavity"
"120","C301","Malignant neoplasm of middle ear"
"121","C310","Malignant neoplasm of maxillary sinus"
"122","C311","Malignant neoplasm of ethmoidal sinus"
"123","C312","Malignant neoplasm of frontal sinus"
"124","C313","Malignant neoplasm of sphenoid sinus"
"125","C318","Malignant neoplasm of overlapping sites of accessory sinuses"
"126","C319","Malignant neoplasm of accessory sinus, unspecified"
"127","C320","Malignant neoplasm of glottis"
"128","C321","Malignant neoplasm of supraglottis"
"129","C322","Malignant neoplasm of subglottis"
"130","C323","Malignant neoplasm of laryngeal cartilage"
"131","C328","Malignant neoplasm of overlapping sites of larynx"
"132","C329","Malignant neoplasm of larynx, unspecified"
"133","C33","Malignant neoplasm of trachea"
"134","C3400","Malignant neoplasm of unspecified main bronchus"
"135","C3401","Malignant neoplasm of right main bronchus"
"136","C3402","Malignant neoplasm of left main bronchus"
"137","C3410","Malignant neoplasm of upper lobe, unspecified bronchus or lung"
"138","C3411","Malignant neoplasm of upper lobe, right bronchus or lung"
"139","C3412","Malignant neoplasm of upper lobe, left bronchus or lung"
"140","C342","Malignant neoplasm of middle lobe, bronchus or lung"
"141","C3430","Malignant neoplasm of lower lobe, unspecified bronchus or lung"
"142","C3431","Malignant neoplasm of lower lobe, right bronchus or lung"
"143","C3432","Malignant neoplasm of lower lobe, left bronchus or lung"
"144","C3480","Malignant neoplasm of overlapping sites of unspecified bronchus and lung"
"145","C3481","Malignant neoplasm of overlapping sites of right bronchus and lung"
"146","C3482","Malignant neoplasm of overlapping sites of left bronchus and lung"
"147","C3490","Malignant neoplasm of unspecified part of unspecified bronchus or lung"
"148","C3491","Malignant neoplasm of unspecified part of right bronchus or lung"
"149","C3492","Malignant neoplasm of unspecified part of left bronchus or lung"
"150","C37","Malignant neoplasm of thymus"
"151","C380","Malignant neoplasm of heart"
"152","C381","Malignant neoplasm of anterior mediastinum"
"153","C382","Malignant neoplasm of posterior mediastinum"
"154","C383","Malignant neoplasm of mediastinum, part unspecified"
"155","C384","Malignant neoplasm of pleura"
"156","C388","Malignant neoplasm of overlapping sites of heart, mediastinum and pleura"
"157","C390","Malignant neoplasm of upper respiratory tract, part unspecified"
"158","C399","Malignant neoplasm of lower respiratory tract, part unspecified"
"159","C4000","Malignant neoplasm of scapula and long bones of unspecified upper limb"
"160","C4001","Malignant neoplasm of scapula and long bones of right upper limb"
"161","C4002","Malignant neoplasm of scapula and long bones of left upper limb"
"162","C4010","Malignant neoplasm of short bones of unspecified upper limb"
"163","C4011","Malignant neoplasm of short bones of right upper limb"
"164","C4012","Malignant neoplasm of short bones of left upper limb"
"165","C4020","Malignant neoplasm of long bones of unspecified lower limb"
"166","C4021","Malignant neoplasm of long bones of right lower limb"
"167","C4022","Malignant neoplasm of long bones of left lower limb"
"168","C4030","Malignant neoplasm of short bones of unspecified lower limb"
"169","C4031","Malignant neoplasm of short bones of right lower limb"
"170","C4032","Malignant neoplasm of short bones of left lower limb"
"171","C4080","Malignant neoplasm of overlapping sites of bone and articular cartilage of unspecified limb"
"172","C4081","Malignant neoplasm of overlapping sites of bone and articular cartilage of right limb"
"173","C4082","Malignant neoplasm of overlapping sites of bone and articular cartilage of left limb"
"174","C4090","Malignant neoplasm of unspecified bones and articular cartilage of unspecified limb"
"175","C4091","Malignant neoplasm of unspecified bones and articular cartilage of right limb"
"176","C4092","Malignant neoplasm of unspecified bones and articular cartilage of left limb"
"177","C410","Malignant neoplasm of bones of skull and face"
"178","C411","Malignant neoplasm of mandible"
"179","C412","Malignant neoplasm of vertebral column"
"180","C413","Malignant neoplasm of ribs, sternum and clavicle"
"181","C414","Malignant neoplasm of pelvic bones, sacrum and coccyx"
"182","C419","Malignant neoplasm of bone and articular cartilage, unspecified"
"183","C430","Malignant melanoma of lip"
"184","C4310","Malignant melanoma of unspecified eyelid, including canthus"
"185","C4311","Malignant melanoma of right eyelid, including canthus"
"186","C4312","Malignant melanoma of left eyelid, including canthus"
"187","C4320","Malignant melanoma of unspecified ear and external auricular canal"
"188","C4321","Malignant melanoma of right ear and external auricular canal"
"189","C4322","Malignant melanoma of left ear and external auricular canal"
"190","C4330","Malignant melanoma of unspecified part of face"
"191","C4331","Malignant melanoma of nose"
"192","C4339","Malignant melanoma of other parts of face"
"193","C434","Malignant melanoma of scalp and neck"
"194","C4351","Malignant melanoma of anal skin"
"195","C4352","Malignant melanoma of skin of breast"
"196","C4359","Malignant melanoma of other part of trunk"
"197","C4360","Malignant melanoma of unspecified upper limb, including shoulder"
"198","C4361","Malignant melanoma of right upper limb, including shoulder"
"199","C4362","Malignant melanoma of left upper limb, including shoulder"
"200","C4370","Malignant melanoma of unspecified lower limb, including hip"
"201","C4371","Malignant melanoma of right lower limb, including hip"
"202","C4372","Malignant melanoma of left lower limb, including hip"
"203","C438","Malignant melanoma of overlapping sites of skin"
"204","C439","Malignant melanoma of skin, unspecified"
"205","C4400","Unspecified malignant neoplasm of skin of lip"
"206","C4409","Other specified malignant neoplasm of skin of lip"
"207","C44101","Unspecified malignant neoplasm of skin of unspecified eyelid, including canthus"
"208","C44102","Unspecified malignant neoplasm of skin of right eyelid, including canthus"
"209","C44109","Unspecified malignant neoplasm of skin of left eyelid, including canthus"
"210","C44191","Other specified malignant neoplasm of skin of unspecified eyelid, including canthus"
"211","C44192","Other specified malignant neoplasm of skin of right eyelid, including canthus"
"212","C44199","Other specified malignant neoplasm of skin of left eyelid, including canthus"
"213","C44201","Unspecified malignant neoplasm of skin of unspecified ear and external auricular canal"
"214","C44202","Unspecified malignant neoplasm of skin of right ear and external auricular canal"
"215","C44209","Unspecified malignant neoplasm of skin of left ear and external auricular canal"
"216","C44291","Other specified malignant neoplasm of skin of unspecified ear and external auricular canal"
"217","C44292","Other specified malignant neoplasm of skin of right ear and external auricular canal"
"218","C44299","Other specified malignant neoplasm of skin of left ear and external auricular canal"
"219","C44300","Unspecified malignant neoplasm of skin of unspecified part of face"
"220","C44301","Unspecified malignant neoplasm of skin of nose"
"221","C44309","Unspecified malignant neoplasm of skin of other parts of face"
"222","C44390","Other specified malignant neoplasm of skin of unspecified parts of face"
"223","C44391","Other specified malignant neoplasm of skin of nose"
"224","C44399","Other specified malignant neoplasm of skin of other parts of face"
"225","C4440","Unspecified malignant neoplasm of skin of scalp and neck"
"226","C4449","Other specified malignant neoplasm of skin of scalp and neck"
"227","C44500","Unspecified malignant neoplasm of anal skin"
"228","C44501","Unspecified malignant neoplasm of skin of breast"
"229","C44509","Unspecified malignant neoplasm of skin of other part of trunk"
"230","C44590","Other specified malignant neoplasm of anal skin"
"231","C44591","Other specified malignant neoplasm of skin of breast"
"232","C44599","Other specified malignant neoplasm of skin of other part of trunk"
"233","C44601","Unspecified malignant neoplasm of skin of unspecified upper limb, including shoulder"
"234","C44602","Unspecified malignant neoplasm of skin of right upper limb, including shoulder"
"235","C44609","Unspecified malignant neoplasm of skin of left upper limb, including shoulder"
"236","C44691","Other specified malignant neoplasm of skin of unspecified upper limb, including shoulder"
"237","C44692","Other specified malignant neoplasm of skin of right upper limb, including shoulder"
"238","C44699","Other specified malignant neoplasm of skin of left upper limb, including shoulder"
"239","C44701","Unspecified malignant neoplasm of skin of unspecified lower limb, including hip"
"240","C44702","Unspecified malignant neoplasm of skin of right lower limb, including hip"
"241","C44709","Unspecified malignant neoplasm of skin of left lower limb, including hip"
"242","C44791","Other specified malignant neoplasm of skin of unspecified lower limb, including hip"
"243","C44792","Other specified malignant neoplasm of skin of right lower limb, including hip"
"244","C44799","Other specified malignant neoplasm of skin of left lower limb, including hip"
"245","C4480","Unspecified malignant neoplasm of overlapping sites of skin"
"246","C4489","Other specified malignant neoplasm of overlapping sites of skin"
"247","C4490","Unspecified malignant neoplasm of skin, unspecified"
"248","C4499","Other specified malignant neoplasm of skin, unspecified"
"249","C470","Malignant neoplasm of peripheral nerves of head, face and neck"
"250","C4710","Malignant neoplasm of peripheral nerves of unspecified upper limb, including shoulder"
"251","C4711","Malignant neoplasm of peripheral nerves of right upper limb, including shoulder"
"252","C4712","Malignant neoplasm of peripheral nerves of left upper limb, including shoulder"
"253","C4720","Malignant neoplasm of peripheral nerves of unspecified lower limb, including hip"
"254","C4721","Malignant neoplasm of peripheral nerves of right lower limb, including hip"
"255","C4722","Malignant neoplasm of peripheral nerves of left lower limb, including hip"
"256","C473","Malignant neoplasm of peripheral nerves of thorax"
"257","C474","Malignant neoplasm of peripheral nerves of abdomen"
"258","C475","Malignant neoplasm of peripheral nerves of pelvis"
"259","C476","Malignant neoplasm of peripheral nerves of trunk, unspecified"
"260","C478","Malignant neoplasm of overlapping sites of peripheral nerves and autonomic nervous system"
"261","C479","Malignant neoplasm of peripheral nerves and autonomic nervous system, unspecified"
"262","C480","Malignant neoplasm of retroperitoneum"
"263","C481","Malignant neoplasm of specified parts of peritoneum"
"264","C482","Malignant neoplasm of peritoneum, unspecified"
"265","C488","Malignant neoplasm of overlapping sites of retroperitoneum and peritoneum"
"266","C490","Malignant neoplasm of connective and soft tissue of head, face and neck"
"267","C4910","Malignant neoplasm of connective and soft tissue of unspecified upper limb, including shoulder"
"268","C4911","Malignant neoplasm of connective and soft tissue of right upper limb, including shoulder"
"269","C4912","Malignant neoplasm of connective and soft tissue of left upper limb, including shoulder"
"270","C4920","Malignant neoplasm of connective and soft tissue of unspecified lower limb, including hip"
"271","C4921","Malignant neoplasm of connective and soft tissue of right lower limb, including hip"
"272","C4922","Malignant neoplasm of connective and soft tissue of left lower limb, including hip"
"273","C493","Malignant neoplasm of connective and soft tissue of thorax"
"274","C494","Malignant neoplasm of connective and soft tissue of abdomen"
"275","C495","Malignant neoplasm of connective and soft tissue of pelvis"
"276","C496","Malignant neoplasm of connective and soft tissue of trunk, unspecified"
"277","C498","Malignant neoplasm of overlapping sites of connective and soft tissue"
"278","C499","Malignant neoplasm of connective and soft tissue, unspecified"
"279","C50011","Malignant neoplasm of nipple and areola, right female breast"
"280","C50012","Malignant neoplasm of nipple and areola, left female breast"
"281","C50019","Malignant neoplasm of nipple and areola, unspecified female breast"
"282","C50021","Malignant neoplasm of nipple and areola, right male breast"
"283","C50022","Malignant neoplasm of nipple and areola, left male breast"
"284","C50029","Malignant neoplasm of nipple and areola, unspecified male breast"
"285","C50111","Malignant neoplasm of central portion of right female breast"
"286","C50112","Malignant neoplasm of central portion of left female breast"
"287","C50119","Malignant neoplasm of central portion of unspecified female breast"
"288","C50121","Malignant neoplasm of central portion of right male breast"
"289","C50122","Malignant neoplasm of central portion of left male breast"
"290","C50129","Malignant neoplasm of central portion of unspecified male breast"
"291","C50211","Malignant neoplasm of upper-inner quadrant of right female breast"
"292","C50212","Malignant neoplasm of upper-inner quadrant of left female breast"
"293","C50219","Malignant neoplasm of upper-inner quadrant of unspecified female breast"
"294","C50221","Malignant neoplasm of upper-inner quadrant of right male breast"
"295","C50222","Malignant neoplasm of upper-inner quadrant of left male breast"
"296","C50229","Malignant neoplasm of upper-inner quadrant of unspecified male breast"
"297","C50311","Malignant neoplasm of lower-inner quadrant of right female breast"
"298","C50312","Malignant neoplasm of lower-inner quadrant of left female breast"
"299","C50319","Malignant neoplasm of lower-inner quadrant of unspecified female breast"
"300","C50321","Malignant neoplasm of lower-inner quadrant of right male breast"
"301","C50322","Malignant neoplasm of lower-inner quadrant of left male breast"
"302","C50329","Malignant neoplasm of lower-inner quadrant of unspecified male breast"
"303","C50411","Malignant neoplasm of upper-outer quadrant of right female breast"
"304","C50412","Malignant neoplasm of upper-outer quadrant of left female breast"
"305","C50419","Malignant neoplasm of upper-outer quadrant of unspecified female breast"
"306","C50421","Malignant neoplasm of upper-outer quadrant of right male breast"
"307","C50422","Malignant neoplasm of upper-outer quadrant of left male breast"
"308","C50429","Malignant neoplasm of upper-outer quadrant of unspecified male breast"
"309","C50511","Malignant neoplasm of lower-outer quadrant of right female breast"
"310","C50512","Malignant neoplasm of lower-outer quadrant of left female breast"
"311","C50519","Malignant neoplasm of lower-outer quadrant of unspecified female breast"
"312","C50521","Malignant neoplasm of lower-outer quadrant of right male breast"
"313","C50522","Malignant neoplasm of lower-outer quadrant of left male breast"
"314","C50529","Malignant neoplasm of lower-outer quadrant of unspecified male breast"
"315","C50611","Malignant neoplasm of axillary tail of right female breast"
"316","C50612","Malignant neoplasm of axillary tail of left female breast"
"317","C50619","Malignant neoplasm of axillary tail of unspecified female breast"
"318","C50621","Malignant neoplasm of axillary tail of right male breast"
"319","C50622","Malignant neoplasm of axillary tail of left male breast"
"320","C50629","Malignant neoplasm of axillary tail of unspecified male breast"
"321","C50811","Malignant neoplasm of overlapping sites of right female breast"
"322","C50812","Malignant neoplasm of overlapping sites of left female breast"
"323","C50819","Malignant neoplasm of overlapping sites of unspecified female breast"
"324","C50821","Malignant neoplasm of overlapping sites of right male breast"
"325","C50822","Malignant neoplasm of overlapping sites of left male breast"
"326","C50829","Malignant neoplasm of overlapping sites of unspecified male breast"
"327","C50911","Malignant neoplasm of unspecified site of right female breast"
"328","C50912","Malignant neoplasm of unspecified site of left female breast"
"329","C50919","Malignant neoplasm of unspecified site of unspecified female breast"
"330","C50921","Malignant neoplasm of unspecified site of right male breast"
"331","C50922","Malignant neoplasm of unspecified site of left male breast"
"332","C50929","Malignant neoplasm of unspecified site of unspecified male breast"
"333","C510","Malignant neoplasm of labium majus"
"334","C511","Malignant neoplasm of labium minus"
"335","C512","Malignant neoplasm of clitoris"
"336","C518","Malignant neoplasm of overlapping sites of vulva"
"337","C519","Malignant neoplasm of vulva, unspecified"
"338","C52","Malignant neoplasm of vagina"
"339","C530","Malignant neoplasm of endocervix"
"340","C531","Malignant neoplasm of exocervix"
"341","C538","Malignant neoplasm of overlapping sites of cervix uteri"
"342","C539","Malignant neoplasm of cervix uteri, unspecified"
"343","C540","Malignant neoplasm of isthmus uteri"
"344","C541","Malignant neoplasm of endometrium"
"345","C542","Malignant neoplasm of myometrium"
"346","C543","Malignant neoplasm of fundus uteri"
"347","C548","Malignant neoplasm of overlapping sites of corpus uteri"
"348","C549","Malignant neoplasm of corpus uteri, unspecified"
"349","C55","Malignant neoplasm of uterus, part unspecified"
"350","C561","Malignant neoplasm of right ovary"
"351","C562","Malignant neoplasm of left ovary"
"352","C569","Malignant neoplasm of unspecified ovary"
"353","C5700","Malignant neoplasm of unspecified fallopian tube"
"354","C5701","Malignant neoplasm of right fallopian tube"
"355","C5702","Malignant neoplasm of left fallopian tube"
"356","C5710","Malignant neoplasm of unspecified broad ligament"
"357","C5711","Malignant neoplasm of right broad ligament"
"358","C5712","Malignant neoplasm of left broad ligament"
"359","C5720","Malignant neoplasm of unspecified round ligament"
"360","C5721","Malignant neoplasm of right round ligament"
"361","C5722","Malignant neoplasm of left round ligament"
"362","C573","Malignant neoplasm of parametrium"
"363","C574","Malignant neoplasm of uterine adnexa, unspecified"
"364","C577","Malignant neoplasm of other specified female genital organs"
"365","C578","Malignant neoplasm of overlapping sites of female genital organs"
"366","C579","Malignant neoplasm of female genital organ, unspecified"
"367","C58","Malignant neoplasm of placenta"
"368","C600","Malignant neoplasm of prepuce"
"369","C601","Malignant neoplasm of glans penis"
"370","C602","Malignant neoplasm of body of penis"
"371","C608","Malignant neoplasm of overlapping sites of penis"
"372","C609","Malignant neoplasm of penis, unspecified"
"373","C61","Malignant neoplasm of prostate"
"374","C6200","Malignant neoplasm of unspecified undescended testis"
"375","C6201","Malignant neoplasm of undescended right testis"
"376","C6202","Malignant neoplasm of undescended left testis"
"377","C6210","Malignant neoplasm of unspecified descended testis"
"378","C6211","Malignant neoplasm of descended right testis"
"379","C6212","Malignant neoplasm of descended left testis"
"380","C6290","Malignant neoplasm of unspecified testis, unspecified whether descended or undescended"
"381","C6291","Malignant neoplasm of right testis, unspecified whether descended or undescended"
"382","C6292","Malignant neoplasm of left testis, unspecified whether descended or undescended"
"383","C6300","Malignant neoplasm of unspecified epididymis"
"384","C6301","Malignant neoplasm of right epididymis"
"385","C6302","Malignant neoplasm of left epididymis"
"386","C6310","Malignant neoplasm of unspecified spermatic cord"
"387","C6311","Malignant neoplasm of right spermatic cord"
"388","C6312","Malignant neoplasm of left spermatic cord"
"389","C632","Malignant neoplasm of scrotum"
"390","C637","Malignant neoplasm of other specified male genital organs"
"391","C638","Malignant neoplasm of overlapping sites of male genital organs"
"392","C639","Malignant neoplasm of male genital organ, unspecified"
"393","C641","Malignant neoplasm of right kidney, except renal pelvis"
"394","C642","Malignant neoplasm of left kidney, except renal pelvis"
"395","C649","Malignant neoplasm of unspecified kidney, except renal pelvis"
"396","C651","Malignant neoplasm of right renal pelvis"
"397","C652","Malignant neoplasm of left renal pelvis"
"398","C659","Malignant neoplasm of unspecified renal pelvis"
"399","C661","Malignant neoplasm of right ureter"
"400","C662","Malignant neoplasm of left ureter"
"401","C669","Malignant neoplasm of unspecified ureter"
"402","C670","Malignant neoplasm of trigone of bladder"
"403","C671","Malignant neoplasm of dome of bladder"
"404","C672","Malignant neoplasm of lateral wall of bladder"
"405","C673","Malignant neoplasm of anterior wall of bladder"
"406","C674","Malignant neoplasm of posterior wall of bladder"
"407","C675","Malignant neoplasm of bladder neck"
"408","C676","Malignant neoplasm of ureteric orifice"
"409","C677","Malignant neoplasm of urachus"
"410","C678","Malignant neoplasm of overlapping sites of bladder"
"411","C679","Malignant neoplasm of bladder, unspecified"
"412","C680","Malignant neoplasm of urethra"
"413","C681","Malignant neoplasm of paraurethral glands"
"414","C688","Malignant neoplasm of overlapping sites of urinary organs"
"415","C689","Malignant neoplasm of urinary organ, unspecified"
"416","C6900","Malignant neoplasm of unspecified conjunctiva"
"417","C6901","Malignant neoplasm of right conjunctiva"
"418","C6902","Malignant neoplasm of left conjunctiva"
"419","C6910","Malignant neoplasm of unspecified cornea"
"420","C6911","Malignant neoplasm of right cornea"
"421","C6912","Malignant neoplasm of left cornea"
"422","C6920","Malignant neoplasm of unspecified retina"
"423","C6921","Malignant neoplasm of right retina"
"424","C6922","Malignant neoplasm of left retina"
"425","C6930","Malignant neoplasm of unspecified choroid"
"426","C6931","Malignant neoplasm of right choroid"
"427","C6932","Malignant neoplasm of left choroid"
"428","C6940","Malignant neoplasm of unspecified ciliary body"
"429","C6941","Malignant neoplasm of right ciliary body"
"430","C6942","Malignant neoplasm of left ciliary body"
"431","C6950","Malignant neoplasm of unspecified lacrimal gland and duct"
"432","C6951","Malignant neoplasm of right lacrimal gland and duct"
"433","C6952","Malignant neoplasm of left lacrimal gland and duct"
"434","C6960","Malignant neoplasm of unspecified orbit"
"435","C6961","Malignant neoplasm of right orbit"
"436","C6962","Malignant neoplasm of left orbit"
"437","C6980","Malignant neoplasm of overlapping sites of unspecified eye and adnexa"
"438","C6981","Malignant neoplasm of overlapping sites of right eye and adnexa"
"439","C6982","Malignant neoplasm of overlapping sites of left eye and adnexa"
"440","C6990","Malignant neoplasm of unspecified site of unspecified eye"
"441","C6991","Malignant neoplasm of unspecified site of right eye"
"442","C6992","Malignant neoplasm of unspecified site of left eye"
"443","C700","Malignant neoplasm of cerebral meninges"
"444","C701","Malignant neoplasm of spinal meninges"
"445","C709","Malignant neoplasm of meninges, unspecified"
"446","C710","Malignant neoplasm of cerebrum, except lobes and ventricles"
"447","C711","Malignant neoplasm of frontal lobe"
"448","C712","Malignant neoplasm of temporal lobe"
"449","C713","Malignant neoplasm of parietal lobe"
"450","C714","Malignant neoplasm of occipital lobe"
"451","C715","Malignant neoplasm of cerebral ventricle"
"452","C716","Malignant neoplasm of cerebellum"
"453","C717","Malignant neoplasm of brain stem"
"454","C718","Malignant neoplasm of overlapping sites of brain"
"455","C719","Malignant neoplasm of brain, unspecified"
"456","C720","Malignant neoplasm of spinal cord"
"457","C721","Malignant neoplasm of cauda equina"
"458","C7220","Malignant neoplasm of unspecified olfactory nerve"
"459","C7221","Malignant neoplasm of right olfactory nerve"
"460","C7222","Malignant neoplasm of left olfactory nerve"
"461","C7230","Malignant neoplasm of unspecified optic nerve"
"462","C7231","Malignant neoplasm of right optic nerve"
"463","C7232","Malignant neoplasm of left optic nerve"
"464","C7240","Malignant neoplasm of unspecified acoustic nerve"
"465","C7241","Malignant neoplasm of right acoustic nerve"
"466","C7242","Malignant neoplasm of left acoustic nerve"
"467","C7250","Malignant neoplasm of unspecified cranial nerve"
"468","C7259","Malignant neoplasm of other cranial nerves"
"469","C729","Malignant neoplasm of central nervous system, unspecified"
"470","C73","Malignant neoplasm of thyroid gland"
"471","C7400","Malignant neoplasm of cortex of unspecified adrenal gland"
"472","C7401","Malignant neoplasm of cortex of right adrenal gland"
"473","C7402","Malignant neoplasm of cortex of left adrenal gland"
"474","C7410","Malignant neoplasm of medulla of unspecified adrenal gland"
"475","C7411","Malignant neoplasm of medulla of right adrenal gland"
"476","C7412","Malignant neoplasm of medulla of left adrenal gland"
"477","C7490","Malignant neoplasm of unspecified part of unspecified adrenal gland"
"478","C7491","Malignant neoplasm of unspecified part of right adrenal gland"
"479","C7492","Malignant neoplasm of unspecified part of left adrenal gland"
"480","C750","Malignant neoplasm of parathyroid gland"
"481","C751","Malignant neoplasm of pituitary gland"
"482","C752","Malignant neoplasm of craniopharyngeal duct"
"483","C753","Malignant neoplasm of pineal gland"
"484","C754","Malignant neoplasm of carotid body"
"485","C755","Malignant neoplasm of aortic body and other paraganglia"
"486","C758","Malignant neoplasm with pluriglandular involvement, unspecified"
"487","C759","Malignant neoplasm of endocrine gland, unspecified"
"488","C760","Malignant neoplasm of head, face and neck"
"489","C761","Malignant neoplasm of thorax"
"490","C762","Malignant neoplasm of abdomen"
"491","C763","Malignant neoplasm of pelvis"
"492","C7640","Malignant neoplasm of unspecified upper limb"
"493","C7641","Malignant neoplasm of right upper limb"
"494","C7642","Malignant neoplasm of left upper limb"
"495","C7650","Malignant neoplasm of unspecified lower limb"
"496","C7651","Malignant neoplasm of right lower limb"
"497","C7652","Malignant neoplasm of left lower limb"
"498","C768","Malignant neoplasm of other specified ill-defined sites"
"499","C770","Secondary and unspecified malignant neoplasm of lymph nodes of head, face and neck"
"500","C771","Secondary and unspecified malignant neoplasm of intrathoracic lymph nodes"
"501","C772","Secondary and unspecified malignant neoplasm of intra-abdominal lymph nodes"
"502","C773","Secondary and unspecified malignant neoplasm of axilla and upper limb lymph nodes"
"503","C774","Secondary and unspecified malignant neoplasm of inguinal and lower limb lymph nodes"
"504","C775","Secondary and unspecified malignant neoplasm of intrapelvic lymph nodes"
"505","C778","Secondary and unspecified malignant neoplasm of lymph nodes of multiple regions"
"506","C779","Secondary and unspecified malignant neoplasm of lymph node, unspecified"
"507","C7800","Secondary malignant neoplasm of unspecified lung"
"508","C7801","Secondary malignant neoplasm of right lung"
"509","C7802","Secondary malignant neoplasm of left lung"
"510","C781","Secondary malignant neoplasm of mediastinum"
"511","C782","Secondary malignant neoplasm of pleura"
"512","C7830","Secondary malignant neoplasm of unspecified respiratory organ"
"513","C7839","Secondary malignant neoplasm of other respiratory organs"
"514","C784","Secondary malignant neoplasm of small intestine"
"515","C785","Secondary malignant neoplasm of large intestine and rectum"
"516","C786","Secondary malignant neoplasm of retroperitoneum and peritoneum"
"517","C787","Secondary malignant neoplasm of liver and intrahepatic bile duct"
"518","C7880","Secondary malignant neoplasm of unspecified digestive organ"
"519","C7889","Secondary malignant neoplasm of other digestive organs"
"520","C7900","Secondary malignant neoplasm of unspecified kidney and renal pelvis"
"521","C7901","Secondary malignant neoplasm of right kidney and renal pelvis"
"522","C7902","Secondary malignant neoplasm of left kidney and renal pelvis"
"523","C7910","Secondary malignant neoplasm of unspecified urinary organs"
"524","C7911","Secondary malignant neoplasm of bladder"
"525","C7919","Secondary malignant neoplasm of other urinary organs"
"526","C792","Secondary malignant neoplasm of skin"
"527","C7931","Secondary malignant neoplasm of brain"
"528","C7932","Secondary malignant neoplasm of cerebral meninges"
"529","C7940","Secondary malignant neoplasm of unspecified part of nervous system"
"530","C7949","Secondary malignant neoplasm of other parts of nervous system"
"531","C7951","Secondary malignant neoplasm of bone"
"532","C7952","Secondary malignant neoplasm of bone marrow"
"533","C7960","Secondary malignant neoplasm of unspecified ovary"
"534","C7961","Secondary malignant neoplasm of right ovary"
"535","C7962","Secondary malignant neoplasm of left ovary"
"536","C7970","Secondary malignant neoplasm of unspecified adrenal gland"
"537","C7971","Secondary malignant neoplasm of right adrenal gland"
"538","C7972","Secondary malignant neoplasm of left adrenal gland"
"539","C7981","Secondary malignant neoplasm of breast"
"540","C7982","Secondary malignant neoplasm of genital organs"
"541","C7989","Secondary malignant neoplasm of other specified sites"
"542","C799","Secondary malignant neoplasm of unspecified site"
"543","C800","Disseminated malignant neoplasm, unspecified"
"544","C801","Malignant (primary) neoplasm, unspecified"
"545","C802","Malignant neoplasm associated with transplanted organ"
"546","C8100","Nodular lymphocyte predominant Hodgkin lymphoma, unspecified site"
"547","C8101","Nodular lymphocyte predominant Hodgkin lymphoma, lymph nodes of head, face, and neck"
"548","C8102","Nodular lymphocyte predominant Hodgkin lymphoma, intrathoracic lymph nodes"
"549","C8103","Nodular lymphocyte predominant Hodgkin lymphoma, intra-abdominal lymph nodes"
"550","C8104","Nodular lymphocyte predominant Hodgkin lymphoma, lymph nodes of axilla and upper limb"
"551","C8105","Nodular lymphocyte predominant Hodgkin lymphoma, lymph nodes of inguinal region and lower limb"
"552","C8106","Nodular lymphocyte predominant Hodgkin lymphoma, intrapelvic lymph nodes"
"553","C8107","Nodular lymphocyte predominant Hodgkin lymphoma, spleen"
"554","C8108","Nodular lymphocyte predominant Hodgkin lymphoma, lymph nodes of multiple sites"
"555","C8109","Nodular lymphocyte predominant Hodgkin lymphoma, extranodal and solid organ sites"
"556","C8110","Nodular sclerosis Hodgkin lymphoma, unspecified site"
"557","C8111","Nodular sclerosis Hodgkin lymphoma, lymph nodes of head, face, and neck"
"558","C8112","Nodular sclerosis Hodgkin lymphoma, intrathoracic lymph nodes"
"559","C8113","Nodular sclerosis Hodgkin lymphoma, intra-abdominal lymph nodes"
"560","C8114","Nodular sclerosis Hodgkin lymphoma, lymph nodes of axilla and upper limb"
"561","C8115","Nodular sclerosis Hodgkin lymphoma, lymph nodes of inguinal region and lower limb"
"562","C8116","Nodular sclerosis Hodgkin lymphoma, intrapelvic lymph nodes"
"563","C8117","Nodular sclerosis Hodgkin lymphoma, spleen"
"564","C8118","Nodular sclerosis Hodgkin lymphoma, lymph nodes of multiple sites"
"565","C8119","Nodular sclerosis Hodgkin lymphoma, extranodal and solid organ sites"
"566","C8120","Mixed cellularity Hodgkin lymphoma, unspecified site"
"567","C8121","Mixed cellularity Hodgkin lymphoma, lymph nodes of head, face, and neck"
"568","C8122","Mixed cellularity Hodgkin lymphoma, intrathoracic lymph nodes"
"569","C8123","Mixed cellularity Hodgkin lymphoma, intra-abdominal lymph nodes"
"570","C8124","Mixed cellularity Hodgkin lymphoma, lymph nodes of axilla and upper limb"
"571","C8125","Mixed cellularity Hodgkin lymphoma, lymph nodes of inguinal region and lower limb"
"572","C8126","Mixed cellularity Hodgkin lymphoma, intrapelvic lymph nodes"
"573","C8127","Mixed cellularity Hodgkin lymphoma, spleen"
"574","C8128","Mixed cellularity Hodgkin lymphoma, lymph nodes of multiple sites"
"575","C8129","Mixed cellularity Hodgkin lymphoma, extranodal and solid organ sites"
"576","C8130","Lymphocyte depleted Hodgkin lymphoma, unspecified site"
"577","C8131","Lymphocyte depleted Hodgkin lymphoma, lymph nodes of head, face, and neck"
"578","C8132","Lymphocyte depleted Hodgkin lymphoma, intrathoracic lymph nodes"
"579","C8133","Lymphocyte depleted Hodgkin lymphoma, intra-abdominal lymph nodes"
"580","C8134","Lymphocyte depleted Hodgkin lymphoma, lymph nodes of axilla and upper limb"
"581","C8135","Lymphocyte depleted Hodgkin lymphoma, lymph nodes of inguinal region and lower limb"
"582","C8136","Lymphocyte depleted Hodgkin lymphoma, intrapelvic lymph nodes"
"583","C8137","Lymphocyte depleted Hodgkin lymphoma, spleen"
"584","C8138","Lymphocyte depleted Hodgkin lymphoma, lymph nodes of multiple sites"
"585","C8139","Lymphocyte depleted Hodgkin lymphoma, extranodal and solid organ sites"
"586","C8140","Lymphocyte-rich Hodgkin lymphoma, unspecified site"
"587","C8141","Lymphocyte-rich Hodgkin lymphoma, lymph nodes of head, face, and neck"
"588","C8142","Lymphocyte-rich Hodgkin lymphoma, intrathoracic lymph nodes"
"589","C8143","Lymphocyte-rich Hodgkin lymphoma, intra-abdominal lymph nodes"
"590","C8144","Lymphocyte-rich Hodgkin lymphoma, lymph nodes of axilla and upper limb"
"591","C8145","Lymphocyte-rich Hodgkin lymphoma, lymph nodes of inguinal region and lower limb"
"592","C8146","Lymphocyte-rich Hodgkin lymphoma, intrapelvic lymph nodes"
"593","C8147","Lymphocyte-rich Hodgkin lymphoma, spleen"
"594","C8148","Lymphocyte-rich Hodgkin lymphoma, lymph nodes of multiple sites"
"595","C8149","Lymphocyte-rich Hodgkin lymphoma, extranodal and solid organ sites"
"596","C8170","Other Hodgkin lymphoma, unspecified site"
"597","C8171","Other Hodgkin lymphoma, lymph nodes of head, face, and neck"
"598","C8172","Other Hodgkin lymphoma, intrathoracic lymph nodes"
"599","C8173","Other Hodgkin lymphoma, intra-abdominal lymph nodes"
"600","C8174","Other Hodgkin lymphoma, lymph nodes of axilla and upper limb"
"601","C8175","Other Hodgkin lymphoma, lymph nodes of inguinal region and lower limb"
"602","C8176","Other Hodgkin lymphoma, intrapelvic lymph nodes"
"603","C8177","Other Hodgkin lymphoma, spleen"
"604","C8178","Other Hodgkin lymphoma, lymph nodes of multiple sites"
"605","C8179","Other Hodgkin lymphoma, extranodal and solid organ sites"
"606","C8190","Hodgkin lymphoma, unspecified, unspecified site"
"607","C8191","Hodgkin lymphoma, unspecified, lymph nodes of head, face, and neck"
"608","C8192","Hodgkin lymphoma, unspecified, intrathoracic lymph nodes"
"609","C8193","Hodgkin lymphoma, unspecified, intra-abdominal lymph nodes"
"610","C8194","Hodgkin lymphoma, unspecified, lymph nodes of axilla and upper limb"
"611","C8195","Hodgkin lymphoma, unspecified, lymph nodes of inguinal region and lower limb"
"612","C8196","Hodgkin lymphoma, unspecified, intrapelvic lymph nodes"
"613","C8197","Hodgkin lymphoma, unspecified, spleen"
"614","C8198","Hodgkin lymphoma, unspecified, lymph nodes of multiple sites"
"615","C8199","Hodgkin lymphoma, unspecified, extranodal and solid organ sites"
"616","C8200","Follicular lymphoma grade I, unspecified site"
"617","C8201","Follicular lymphoma grade I, lymph nodes of head, face, and neck"
"618","C8202","Follicular lymphoma grade I, intrathoracic lymph nodes"
"619","C8203","Follicular lymphoma grade I, intra-abdominal lymph nodes"
"620","C8204","Follicular lymphoma grade I, lymph nodes of axilla and upper limb"
"621","C8205","Follicular lymphoma grade I, lymph nodes of inguinal region and lower limb"
"622","C8206","Follicular lymphoma grade I, intrapelvic lymph nodes"
"623","C8207","Follicular lymphoma grade I, spleen"
"624","C8208","Follicular lymphoma grade I, lymph nodes of multiple sites"
"625","C8209","Follicular lymphoma grade I, extranodal and solid organ sites"
"626","C8210","Follicular lymphoma grade II, unspecified site"
"627","C8211","Follicular lymphoma grade II, lymph nodes of head, face, and neck"
"628","C8212","Follicular lymphoma grade II, intrathoracic lymph nodes"
"629","C8213","Follicular lymphoma grade II, intra-abdominal lymph nodes"
"630","C8214","Follicular lymphoma grade II, lymph nodes of axilla and upper limb"
"631","C8215","Follicular lymphoma grade II, lymph nodes of inguinal region and lower limb"
"632","C8216","Follicular lymphoma grade II, intrapelvic lymph nodes"
"633","C8217","Follicular lymphoma grade II, spleen"
"634","C8218","Follicular lymphoma grade II, lymph nodes of multiple sites"
"635","C8219","Follicular lymphoma grade II, extranodal and solid organ sites"
"636","C8220","Follicular lymphoma grade III, unspecified, unspecified site"
"637","C8221","Follicular lymphoma grade III, unspecified, lymph nodes of head, face, and neck"
"638","C8222","Follicular lymphoma grade III, unspecified, intrathoracic lymph nodes"
"639","C8223","Follicular lymphoma grade III, unspecified, intra-abdominal lymph nodes"
"640","C8224","Follicular lymphoma grade III, unspecified, lymph nodes of axilla and upper limb"
"641","C8225","Follicular lymphoma grade III, unspecified, lymph nodes of inguinal region and lower limb"
"642","C8226","Follicular lymphoma grade III, unspecified, intrapelvic lymph nodes"
"643","C8227","Follicular lymphoma grade III, unspecified, spleen"
"644","C8228","Follicular lymphoma grade III, unspecified, lymph nodes of multiple sites"
"645","C8229","Follicular lymphoma grade III, unspecified, extranodal and solid organ sites"
"646","C8230","Follicular lymphoma grade IIIa, unspecified site"
"647","C8231","Follicular lymphoma grade IIIa, lymph nodes of head, face, and neck"
"648","C8232","Follicular lymphoma grade IIIa, intrathoracic lymph nodes"
"649","C8233","Follicular lymphoma grade IIIa, intra-abdominal lymph nodes"
"650","C8234","Follicular lymphoma grade IIIa, lymph nodes of axilla and upper limb"
"651","C8235","Follicular lymphoma grade IIIa, lymph nodes of inguinal region and lower limb"
"652","C8236","Follicular lymphoma grade IIIa, intrapelvic lymph nodes"
"653","C8237","Follicular lymphoma grade IIIa, spleen"
"654","C8238","Follicular lymphoma grade IIIa, lymph nodes of multiple sites"
"655","C8239","Follicular lymphoma grade IIIa, extranodal and solid organ sites"
"656","C8240","Follicular lymphoma grade IIIb, unspecified site"
"657","C8241","Follicular lymphoma grade IIIb, lymph nodes of head, face, and neck"
"658","C8242","Follicular lymphoma grade IIIb, intrathoracic lymph nodes"
"659","C8243","Follicular lymphoma grade IIIb, intra-abdominal lymph nodes"
"660","C8244","Follicular lymphoma grade IIIb, lymph nodes of axilla and upper limb"
"661","C8245","Follicular lymphoma grade IIIb, lymph nodes of inguinal region and lower limb"
"662","C8246","Follicular lymphoma grade IIIb, intrapelvic lymph nodes"
"663","C8247","Follicular lymphoma grade IIIb, spleen"
"664","C8248","Follicular lymphoma grade IIIb, lymph nodes of multiple sites"
"665","C8249","Follicular lymphoma grade IIIb, extranodal and solid organ sites"
"666","C8250","Diffuse follicle center lymphoma, unspecified site"
"667","C8251","Diffuse follicle center lymphoma, lymph nodes of head, face, and neck"
"668","C8252","Diffuse follicle center lymphoma, intrathoracic lymph nodes"
"669","C8253","Diffuse follicle center lymphoma, intra-abdominal lymph nodes"
"670","C8254","Diffuse follicle center lymphoma, lymph nodes of axilla and upper limb"
"671","C8255","Diffuse follicle center lymphoma, lymph nodes of inguinal region and lower limb"
"672","C8256","Diffuse follicle center lymphoma, intrapelvic lymph nodes"
"673","C8257","Diffuse follicle center lymphoma, spleen"
"674","C8258","Diffuse follicle center lymphoma, lymph nodes of multiple sites"
"675","C8259","Diffuse follicle center lymphoma, extranodal and solid organ sites"
"676","C8260","Cutaneous follicle center lymphoma, unspecified site"
"677","C8261","Cutaneous follicle center lymphoma, lymph nodes of head, face, and neck"
"678","C8262","Cutaneous follicle center lymphoma, intrathoracic lymph nodes"
"679","C8263","Cutaneous follicle center lymphoma, intra-abdominal lymph nodes"
"680","C8264","Cutaneous follicle center lymphoma, lymph nodes of axilla and upper limb"
"681","C8265","Cutaneous follicle center lymphoma, lymph nodes of inguinal region and lower limb"
"682","C8266","Cutaneous follicle center lymphoma, intrapelvic lymph nodes"
"683","C8267","Cutaneous follicle center lymphoma, spleen"
"684","C8268","Cutaneous follicle center lymphoma, lymph nodes of multiple sites"
"685","C8269","Cutaneous follicle center lymphoma, extranodal and solid organ sites"
"686","C8280","Other types of follicular lymphoma, unspecified site"
"687","C8281","Other types of follicular lymphoma, lymph nodes of head, face, and neck"
"688","C8282","Other types of follicular lymphoma, intrathoracic lymph nodes"
"689","C8283","Other types of follicular lymphoma, intra-abdominal lymph nodes"
"690","C8284","Other types of follicular lymphoma, lymph nodes of axilla and upper limb"
"691","C8285","Other types of follicular lymphoma, lymph nodes of inguinal region and lower limb"
"692","C8286","Other types of follicular lymphoma, intrapelvic lymph nodes"
"693","C8287","Other types of follicular lymphoma, spleen"
"694","C8288","Other types of follicular lymphoma, lymph nodes of multiple sites"
"695","C8289","Other types of follicular lymphoma, extranodal and solid organ sites"
"696","C8290","Follicular lymphoma, unspecified, unspecified site"
"697","C8291","Follicular lymphoma, unspecified, lymph nodes of head, face, and neck"
"698","C8292","Follicular lymphoma, unspecified, intrathoracic lymph nodes"
"699","C8293","Follicular lymphoma, unspecified, intra-abdominal lymph nodes"
"700","C8294","Follicular lymphoma, unspecified, lymph nodes of axilla and upper limb"
"701","C8295","Follicular lymphoma, unspecified, lymph nodes of inguinal region and lower limb"
"702","C8296","Follicular lymphoma, unspecified, intrapelvic lymph nodes"
"703","C8297","Follicular lymphoma, unspecified, spleen"
"704","C8298","Follicular lymphoma, unspecified, lymph nodes of multiple sites"
"705","C8299","Follicular lymphoma, unspecified, extranodal and solid organ sites"
"706","C8300","Small cell B-cell lymphoma, unspecified site"
"707","C8301","Small cell B-cell lymphoma, lymph nodes of head, face, and neck"
"708","C8302","Small cell B-cell lymphoma, intrathoracic lymph nodes"
"709","C8303","Small cell B-cell lymphoma, intra-abdominal lymph nodes"
"710","C8304","Small cell B-cell lymphoma, lymph nodes of axilla and upper limb"
"711","C8305","Small cell B-cell lymphoma, lymph nodes of inguinal region and lower limb"
"712","C8306","Small cell B-cell lymphoma, intrapelvic lymph nodes"
"713","C8307","Small cell B-cell lymphoma, spleen"
"714","C8308","Small cell B-cell lymphoma, lymph nodes of multiple sites"
"715","C8309","Small cell B-cell lymphoma, extranodal and solid organ sites"
"716","C8310","Mantle cell lymphoma, unspecified site"
"717","C8311","Mantle cell lymphoma, lymph nodes of head, face, and neck"
"718","C8312","Mantle cell lymphoma, intrathoracic lymph nodes"
"719","C8313","Mantle cell lymphoma, intra-abdominal lymph nodes"
"720","C8314","Mantle cell lymphoma, lymph nodes of axilla and upper limb"
"721","C8315","Mantle cell lymphoma, lymph nodes of inguinal region and lower limb"
"722","C8316","Mantle cell lymphoma, intrapelvic lymph nodes"
"723","C8317","Mantle cell lymphoma, spleen"
"724","C8318","Mantle cell lymphoma, lymph nodes of multiple sites"
"725","C8319","Mantle cell lymphoma, extranodal and solid organ sites"
"726","C8330","Diffuse large B-cell lymphoma, unspecified site"
"727","C8331","Diffuse large B-cell lymphoma, lymph nodes of head, face, and neck"
"728","C8332","Diffuse large B-cell lymphoma, intrathoracic lymph nodes"
"729","C8333","Diffuse large B-cell lymphoma, intra-abdominal lymph nodes"
"730","C8334","Diffuse large B-cell lymphoma, lymph nodes of axilla and upper limb"
"731","C8335","Diffuse large B-cell lymphoma, lymph nodes of inguinal region and lower limb"
"732","C8336","Diffuse large B-cell lymphoma, intrapelvic lymph nodes"
"733","C8337","Diffuse large B-cell lymphoma, spleen"
"734","C8338","Diffuse large B-cell lymphoma, lymph nodes of multiple sites"
"735","C8339","Diffuse large B-cell lymphoma, extranodal and solid organ sites"
"736","C8350","Lymphoblastic (diffuse) lymphoma, unspecified site"
"737","C8351","Lymphoblastic (diffuse) lymphoma, lymph nodes of head, face, and neck"
"738","C8352","Lymphoblastic (diffuse) lymphoma, intrathoracic lymph nodes"
"739","C8353","Lymphoblastic (diffuse) lymphoma, intra-abdominal lymph nodes"
"740","C8354","Lymphoblastic (diffuse) lymphoma, lymph nodes of axilla and upper limb"
"741","C8355","Lymphoblastic (diffuse) lymphoma, lymph nodes of inguinal region and lower limb"
"742","C8356","Lymphoblastic (diffuse) lymphoma, intrapelvic lymph nodes"
"743","C8357","Lymphoblastic (diffuse) lymphoma, spleen"
"744","C8358","Lymphoblastic (diffuse) lymphoma, lymph nodes of multiple sites"
"745","C8359","Lymphoblastic (diffuse) lymphoma, extranodal and solid organ sites"
"746","C8370","Burkitt lymphoma, unspecified site"
"747","C8371","Burkitt lymphoma, lymph nodes of head, face, and neck"
"748","C8372","Burkitt lymphoma, intrathoracic lymph nodes"
"749","C8373","Burkitt lymphoma, intra-abdominal lymph nodes"
"750","C8374","Burkitt lymphoma, lymph nodes of axilla and upper limb"
"751","C8375","Burkitt lymphoma, lymph nodes of inguinal region and lower limb"
"752","C8376","Burkitt lymphoma, intrapelvic lymph nodes"
"753","C8377","Burkitt lymphoma, spleen"
"754","C8378","Burkitt lymphoma, lymph nodes of multiple sites"
"755","C8379","Burkitt lymphoma, extranodal and solid organ sites"
"756","C8380","Other non-follicular lymphoma, unspecified site"
"757","C8381","Other non-follicular lymphoma, lymph nodes of head, face, and neck"
"758","C8382","Other non-follicular lymphoma, intrathoracic lymph nodes"
"759","C8383","Other non-follicular lymphoma, intra-abdominal lymph nodes"
"760","C8384","Other non-follicular lymphoma, lymph nodes of axilla and upper limb"
"761","C8385","Other non-follicular lymphoma, lymph nodes of inguinal region and lower limb"
"762","C8386","Other non-follicular lymphoma, intrapelvic lymph nodes"
"763","C8387","Other non-follicular lymphoma, spleen"
"764","C8388","Other non-follicular lymphoma, lymph nodes of multiple sites"
"765","C8389","Other non-follicular lymphoma, extranodal and solid organ sites"
"766","C8390","Non-follicular (diffuse) lymphoma, unspecified, unspecified site"
"767","C8391","Non-follicular (diffuse) lymphoma, unspecified, lymph nodes of head, face, and neck"
"768","C8392","Non-follicular (diffuse) lymphoma, unspecified, intrathoracic lymph nodes"
"769","C8393","Non-follicular (diffuse) lymphoma, unspecified, intra-abdominal lymph nodes"
"770","C8394","Non-follicular (diffuse) lymphoma, unspecified, lymph nodes of axilla and upper limb"
"771","C8395","Non-follicular (diffuse) lymphoma, unspecified, lymph nodes of inguinal region and lower limb"
"772","C8396","Non-follicular (diffuse) lymphoma, unspecified, intrapelvic lymph nodes"
"773","C8397","Non-follicular (diffuse) lymphoma, unspecified, spleen"
"774","C8398","Non-follicular (diffuse) lymphoma, unspecified, lymph nodes of multiple sites"
"775","C8399","Non-follicular (diffuse) lymphoma, unspecified, extranodal and solid organ sites"
"776","C8440","Peripheral T-cell lymphoma, not classified, unspecified site"
"777","C8441","Peripheral T-cell lymphoma, not classified, lymph nodes of head, face, and neck"
"778","C8442","Peripheral T-cell lymphoma, not classified, intrathoracic lymph nodes"
"779","C8443","Peripheral T-cell lymphoma, not classified, intra-abdominal lymph nodes"
"780","C8444","Peripheral T-cell lymphoma, not classified, lymph nodes of axilla and upper limb"
"781","C8445","Peripheral T-cell lymphoma, not classified, lymph nodes of inguinal region and lower limb"
"782","C8446","Peripheral T-cell lymphoma, not classified, intrapelvic lymph nodes"
"783","C8447","Peripheral T-cell lymphoma, not classified, spleen"
"784","C8448","Peripheral T-cell lymphoma, not classified, lymph nodes of multiple sites"
"785","C8449","Peripheral T-cell lymphoma, not classified, extranodal and solid organ sites"
"786","C8460","Anaplastic large cell lymphoma, ALK-positive, unspecified site"
"787","C8461","Anaplastic large cell lymphoma, ALK-positive, lymph nodes of head, face, and neck"
"788","C8462","Anaplastic large cell lymphoma, ALK-positive, intrathoracic lymph nodes"
"789","C8463","Anaplastic large cell lymphoma, ALK-positive, intra-abdominal lymph nodes"
"790","C8464","Anaplastic large cell lymphoma, ALK-positive, lymph nodes of axilla and upper limb"
"791","C8465","Anaplastic large cell lymphoma, ALK-positive, lymph nodes of inguinal region and lower limb"
"792","C8466","Anaplastic large cell lymphoma, ALK-positive, intrapelvic lymph nodes"
"793","C8467","Anaplastic large cell lymphoma, ALK-positive, spleen"
"794","C8468","Anaplastic large cell lymphoma, ALK-positive, lymph nodes of multiple sites"
"795","C8469","Anaplastic large cell lymphoma, ALK-positive, extranodal and solid organ sites"
"796","C8470","Anaplastic large cell lymphoma, ALK-negative, unspecified site"
"797","C8471","Anaplastic large cell lymphoma, ALK-negative, lymph nodes of head, face, and neck"
"798","C8472","Anaplastic large cell lymphoma, ALK-negative, intrathoracic lymph nodes"
"799","C8473","Anaplastic large cell lymphoma, ALK-negative, intra-abdominal lymph nodes"
"800","C8474","Anaplastic large cell lymphoma, ALK-negative, lymph nodes of axilla and upper limb"
"801","C8475","Anaplastic large cell lymphoma, ALK-negative, lymph nodes of inguinal region and lower limb"
"802","C8476","Anaplastic large cell lymphoma, ALK-negative, intrapelvic lymph nodes"
"803","C8477","Anaplastic large cell lymphoma, ALK-negative, spleen"
"804","C8478","Anaplastic large cell lymphoma, ALK-negative, lymph nodes of multiple sites"
"805","C8479","Anaplastic large cell lymphoma, ALK-negative, extranodal and solid organ sites"
"806","C84A0","Cutaneous T-cell lymphoma, unspecified, unspecified site"
"807","C84A1","Cutaneous T-cell lymphoma, unspecified lymph nodes of head, face, and neck"
"808","C84A2","Cutaneous T-cell lymphoma, unspecified, intrathoracic lymph nodes"
"809","C84A3","Cutaneous T-cell lymphoma, unspecified, intra-abdominal lymph nodes"
"810","C84A4","Cutaneous T-cell lymphoma, unspecified, lymph nodes of axilla and upper limb"
"811","C84A5","Cutaneous T-cell lymphoma, unspecified, lymph nodes of inguinal region and lower limb"
"812","C84A6","Cutaneous T-cell lymphoma, unspecified, intrapelvic lymph nodes"
"813","C84A7","Cutaneous T-cell lymphoma, unspecified, spleen"
"814","C84A8","Cutaneous T-cell lymphoma, unspecified, lymph nodes of multiple sites"
"815","C84A9","Cutaneous T-cell lymphoma, unspecified, extranodal and solid organ sites"
"816","C84Z0","Other mature T/NK-cell lymphomas, unspecified site"
"817","C84Z1","Other mature T/NK-cell lymphomas, lymph nodes of head, face, and neck"
"818","C84Z2","Other mature T/NK-cell lymphomas, intrathoracic lymph nodes"
"819","C84Z3","Other mature T/NK-cell lymphomas, intra-abdominal lymph nodes"
"820","C84Z4","Other mature T/NK-cell lymphomas, lymph nodes of axilla and upper limb"
"821","C84Z5","Other mature T/NK-cell lymphomas, lymph nodes of inguinal region and lower limb"
"822","C84Z6","Other mature T/NK-cell lymphomas, intrapelvic lymph nodes"
"823","C84Z7","Other mature T/NK-cell lymphomas, spleen"
"824","C84Z8","Other mature T/NK-cell lymphomas, lymph nodes of multiple sites"
"825","C84Z9","Other mature T/NK-cell lymphomas, extranodal and solid organ sites"
"826","C8490","Mature T/NK-cell lymphomas, unspecified, unspecified site"
"827","C8491","Mature T/NK-cell lymphomas, unspecified, lymph nodes of head, face, and neck"
"828","C8492","Mature T/NK-cell lymphomas, unspecified, intrathoracic lymph nodes"
"829","C8493","Mature T/NK-cell lymphomas, unspecified, intra-abdominal lymph nodes"
"830","C8494","Mature T/NK-cell lymphomas, unspecified, lymph nodes of axilla and upper limb"
"831","C8495","Mature T/NK-cell lymphomas, unspecified, lymph nodes of inguinal region and lower limb"
"832","C8496","Mature T/NK-cell lymphomas, unspecified, intrapelvic lymph nodes"
"833","C8497","Mature T/NK-cell lymphomas, unspecified, spleen"
"834","C8498","Mature T/NK-cell lymphomas, unspecified, lymph nodes of multiple sites"
"835","C8499","Mature T/NK-cell lymphomas, unspecified, extranodal and solid organ sites"
"836","C8510","Unspecified B-cell lymphoma, unspecified site"
"837","C8511","Unspecified B-cell lymphoma, lymph nodes of head, face, and neck"
"838","C8512","Unspecified B-cell lymphoma, intrathoracic lymph nodes"
"839","C8513","Unspecified B-cell lymphoma, intra-abdominal lymph nodes"
"840","C8514","Unspecified B-cell lymphoma, lymph nodes of axilla and upper limb"
"841","C8515","Unspecified B-cell lymphoma, lymph nodes of inguinal region and lower limb"
"842","C8516","Unspecified B-cell lymphoma, intrapelvic lymph nodes"
"843","C8517","Unspecified B-cell lymphoma, spleen"
"844","C8518","Unspecified B-cell lymphoma, lymph nodes of multiple sites"
"845","C8519","Unspecified B-cell lymphoma, extranodal and solid organ sites"
"846","C8520","Mediastinal (thymic) large B-cell lymphoma, unspecified site"
"847","C8521","Mediastinal (thymic) large B-cell lymphoma, lymph nodes of head, face, and neck"
"848","C8522","Mediastinal (thymic) large B-cell lymphoma, intrathoracic lymph nodes"
"849","C8523","Mediastinal (thymic) large B-cell lymphoma, intra-abdominal lymph nodes"
"850","C8524","Mediastinal (thymic) large B-cell lymphoma, lymph nodes of axilla and upper limb"
"851","C8525","Mediastinal (thymic) large B-cell lymphoma, lymph nodes of inguinal region and lower limb"
"852","C8526","Mediastinal (thymic) large B-cell lymphoma, intrapelvic lymph nodes"
"853","C8527","Mediastinal (thymic) large B-cell lymphoma, spleen"
"854","C8528","Mediastinal (thymic) large B-cell lymphoma, lymph nodes of multiple sites"
"855","C8529","Mediastinal (thymic) large B-cell lymphoma, extranodal and solid organ sites"
"856","C8580","Other specified types of non-Hodgkin lymphoma, unspecified site"
"857","C8581","Other specified types of non-Hodgkin lymphoma, lymph nodes of head, face, and neck"
"858","C8582","Other specified types of non-Hodgkin lymphoma, intrathoracic lymph nodes"
"859","C8583","Other specified types of non-Hodgkin lymphoma, intra-abdominal lymph nodes"
"860","C8584","Other specified types of non-Hodgkin lymphoma, lymph nodes of axilla and upper limb"
"861","C8585","Other specified types of non-Hodgkin lymphoma, lymph nodes of inguinal region and lower limb"
"862","C8586","Other specified types of non-Hodgkin lymphoma, intrapelvic lymph nodes"
"863","C8587","Other specified types of non-Hodgkin lymphoma, spleen"
"864","C8588","Other specified types of non-Hodgkin lymphoma, lymph nodes of multiple sites"
"865","C8589","Other specified types of non-Hodgkin lymphoma, extranodal and solid organ sites"
"866","C8590","Non-Hodgkin lymphoma, unspecified, unspecified site"
"867","C8591","Non-Hodgkin lymphoma, unspecified, lymph nodes of head, face, and neck"
"868","C8592","Non-Hodgkin lymphoma, unspecified, intrathoracic lymph nodes"
"869","C8593","Non-Hodgkin lymphoma, unspecified, intra-abdominal lymph nodes"
"870","C8594","Non-Hodgkin lymphoma, unspecified, lymph nodes of axilla and upper limb"
"871","C8595","Non-Hodgkin lymphoma, unspecified, lymph nodes of inguinal region and lower limb"
"872","C8596","Non-Hodgkin lymphoma, unspecified, intrapelvic lymph nodes"
"873","C8597","Non-Hodgkin lymphoma, unspecified, spleen"
"874","C8598","Non-Hodgkin lymphoma, unspecified, lymph nodes of multiple sites"
"875","C8599","Non-Hodgkin lymphoma, unspecified, extranodal and solid organ sites"
"876","C860","Extranodal NK/T-cell lymphoma, nasal type"
"877","C861","Hepatosplenic T-cell lymphoma"
"878","C862","Enteropathy-type (intestinal) T-cell lymphoma"
"879","C863","Subcutaneous panniculitis-like T-cell lymphoma"
"880","C864","Blastic NK-cell lymphoma"
"881","C865","Angioimmunoblastic T-cell lymphoma"
"882","C884","Extranodal marginal zone B-cell lymphoma of mucosa-associated lymphoid tissue [MALT-lymphoma]"
"883","C9150","Adult T-cell lymphoma/leukemia (HTLV-1-associated) not having achieved remission"
"884","C9151","Adult T-cell lymphoma/leukemia (HTLV-1-associated), in remission"
"885","C9152","Adult T-cell lymphoma/leukemia (HTLV-1-associated), in relapse"
"886","C96Z","Other specified malignant neoplasms of lymphoid, hematopoietic and related tissue"
"887","C969","Malignant neoplasm of lymphoid, hematopoietic and related tissue, unspecified"
"888","D030","Melanoma in situ of lip"
"889","D0310","Melanoma in situ of unspecified eyelid, including canthus"
"890","D0311","Melanoma in situ of right eyelid, including canthus"
"891","D0312","Melanoma in situ of left eyelid, including canthus"
"892","D0320","Melanoma in situ of unspecified ear and external auricular canal"
"893","D0321","Melanoma in situ of right ear and external auricular canal"
"894","D0322","Melanoma in situ of left ear and external auricular canal"
"895","D0330","Melanoma in situ of unspecified part of face"
"896","D0339","Melanoma in situ of other parts of face"
"897","D034","Melanoma in situ of scalp and neck"
"898","D0351","Melanoma in situ of anal skin"
"899","D0352","Melanoma in situ of breast (skin) (soft tissue)"
"900","D0359","Melanoma in situ of other part of trunk"
"901","D0360","Melanoma in situ of unspecified upper limb, including shoulder"
"902","D0361","Melanoma in situ of right upper limb, including shoulder"
"903","D0362","Melanoma in situ of left upper limb, including shoulder"
"904","D0370","Melanoma in situ of unspecified lower limb, including hip"
"905","D0371","Melanoma in situ of right lower limb, including hip"
"906","D0372","Melanoma in situ of left lower limb, including hip"
"907","D038","Melanoma in situ of other sites"
"908","D039","Melanoma in situ, unspecified"
"909","D100","Benign neoplasm of lip"
"910","D101","Benign neoplasm of tongue"
"911","D102","Benign neoplasm of floor of mouth"
"912","D1030","Benign neoplasm of unspecified part of mouth"
"913","D1039","Benign neoplasm of other parts of mouth"
"914","D104","Benign neoplasm of tonsil"
"915","D105","Benign neoplasm of other parts of oropharynx"
"916","D106","Benign neoplasm of nasopharynx"
"917","D107","Benign neoplasm of hypopharynx"
"918","D109","Benign neoplasm of pharynx, unspecified"
"919","D110","Benign neoplasm of parotid gland"
"920","D117","Benign neoplasm of other major salivary glands"
"921","D119","Benign neoplasm of major salivary gland, unspecified"
"922","D120","Benign neoplasm of cecum"
"923","D121","Benign neoplasm of appendix"
"924","D122","Benign neoplasm of ascending colon"
"925","D123","Benign neoplasm of transverse colon"
"926","D124","Benign neoplasm of descending colon"
"927","D125","Benign neoplasm of sigmoid colon"
"928","D126","Benign neoplasm of colon, unspecified"
"929","D127","Benign neoplasm of rectosigmoid junction"
"930","D128","Benign neoplasm of rectum"
"931","D129","Benign neoplasm of anus and anal canal"
"932","D130","Benign neoplasm of esophagus"
"933","D131","Benign neoplasm of stomach"
"934","D132","Benign neoplasm of duodenum"
"935","D1330","Benign neoplasm of unspecified part of small intestine"
"936","D1339","Benign neoplasm of other parts of small intestine"
"937","D134","Benign neoplasm of liver"
"938","D135","Benign neoplasm of extrahepatic bile ducts"
"939","D136","Benign neoplasm of pancreas"
"940","D137","Benign neoplasm of endocrine pancreas"
"941","D139","Benign neoplasm of ill-defined sites within the digestive system"
"942","D140","Benign neoplasm of middle ear, nasal cavity and accessory sinuses"
"943","D141","Benign neoplasm of larynx"
"944","D142","Benign neoplasm of trachea"
"945","D1430","Benign neoplasm of unspecified bronchus and lung"
"946","D1431","Benign neoplasm of right bronchus and lung"
"947","D1432","Benign neoplasm of left bronchus and lung"
"948","D144","Benign neoplasm of respiratory system, unspecified"
"949","D150","Benign neoplasm of thymus"
"950","D151","Benign neoplasm of heart"
"951","D152","Benign neoplasm of mediastinum"
"952","D157","Benign neoplasm of other specified intrathoracic organs"
"953","D159","Benign neoplasm of intrathoracic organ, unspecified"
"954","D1600","Benign neoplasm of scapula and long bones of unspecified upper limb"
"955","D1601","Benign neoplasm of scapula and long bones of right upper limb"
"956","D1602","Benign neoplasm of scapula and long bones of left upper limb"
"957","D1610","Benign neoplasm of short bones of unspecified upper limb"
"958","D1611","Benign neoplasm of short bones of right upper limb"
"959","D1612","Benign neoplasm of short bones of left upper limb"
"960","D1620","Benign neoplasm of long bones of unspecified lower limb"
"961","D1621","Benign neoplasm of long bones of right lower limb"
"962","D1622","Benign neoplasm of long bones of left lower limb"
"963","D1630","Benign neoplasm of short bones of unspecified lower limb"
"964","D1631","Benign neoplasm of short bones of right lower limb"
"965","D1632","Benign neoplasm of short bones of left lower limb"
"966","D164","Benign neoplasm of bones of skull and face"
"967","D165","Benign neoplasm of lower jaw bone"
"968","D166","Benign neoplasm of vertebral column"
"969","D167","Benign neoplasm of ribs, sternum and clavicle"
"970","D168","Benign neoplasm of pelvic bones, sacrum and coccyx"
"971","D169","Benign neoplasm of bone and articular cartilage, unspecified"
"972","D170","Benign lipomatous neoplasm of skin and subcutaneous tissue of head, face and neck"
"973","D171","Benign lipomatous neoplasm of skin and subcutaneous tissue of trunk"
"974","D1720","Benign lipomatous neoplasm of skin and subcutaneous tissue of unspecified limb"
"975","D1721","Benign lipomatous neoplasm of skin and subcutaneous tissue of right arm"
"976","D1722","Benign lipomatous neoplasm of skin and subcutaneous tissue of left arm"
"977","D1723","Benign lipomatous neoplasm of skin and subcutaneous tissue of right leg"
"978","D1724","Benign lipomatous neoplasm of skin and subcutaneous tissue of left leg"
"979","D1730","Benign lipomatous neoplasm of skin and subcutaneous tissue of unspecified sites"
"980","D1739","Benign lipomatous neoplasm of skin and subcutaneous tissue of other sites"
"981","D174","Benign lipomatous neoplasm of intrathoracic organs"
"982","D175","Benign lipomatous neoplasm of intra-abdominal organs"
"983","D176","Benign lipomatous neoplasm of spermatic cord"
"984","D1771","Benign lipomatous neoplasm of kidney"
"985","D1772","Benign lipomatous neoplasm of other genitourinary organ"
"986","D1779","Benign lipomatous neoplasm of other sites"
"987","D179","Benign lipomatous neoplasm, unspecified"
"988","D190","Benign neoplasm of mesothelial tissue of pleura"
"989","D191","Benign neoplasm of mesothelial tissue of peritoneum"
"990","D197","Benign neoplasm of mesothelial tissue of other sites"
"991","D199","Benign neoplasm of mesothelial tissue, unspecified"
"992","D200","Benign neoplasm of soft tissue of retroperitoneum"
"993","D201","Benign neoplasm of soft tissue of peritoneum"
"994","D210","Benign neoplasm of connective and other soft tissue of head, face and neck"
"995","D2110","Benign neoplasm of connective and other soft tissue of unspecified upper limb, including shoulder"
"996","D2111","Benign neoplasm of connective and other soft tissue of right upper limb, including shoulder"
"997","D2112","Benign neoplasm of connective and other soft tissue of left upper limb, including shoulder"
"998","D2120","Benign neoplasm of connective and other soft tissue of unspecified lower limb, including hip"
"999","D2121","Benign neoplasm of connective and other soft tissue of right lower limb, including hip"
"1000","D2122","Benign neoplasm of connective and other soft tissue of left lower limb, including hip"
"1001","D213","Benign neoplasm of connective and other soft tissue of thorax"
"1002","D214","Benign neoplasm of connective and other soft tissue of abdomen"
"1003","D215","Benign neoplasm of connective and other soft tissue of pelvis"
"1004","D216","Benign neoplasm of connective and other soft tissue of trunk, unspecified"
"1005","D219","Benign neoplasm of connective and other soft tissue, unspecified"
"1006","D230","Other benign neoplasm of skin of lip"
"1007","D2310","Other benign neoplasm of skin of unspecified eyelid, including canthus"
"1008","D2311","Other benign neoplasm of skin of right eyelid, including canthus"
"1009","D2312","Other benign neoplasm of skin of left eyelid, including canthus"
"1010","D2320","Other benign neoplasm of skin of unspecified ear and external auricular canal"
"1011","D2321","Other benign neoplasm of skin of right ear and external auricular canal"
"1012","D2322","Other benign neoplasm of skin of left ear and external auricular canal"
"1013","D2330","Other benign neoplasm of skin of unspecified part of face"
"1014","D2339","Other benign neoplasm of skin of other parts of face"
"1015","D234","Other benign neoplasm of skin of scalp and neck"
"1016","D235","Other benign neoplasm of skin of trunk"
"1017","D2360","Other benign neoplasm of skin of unspecified upper limb, including shoulder"
"1018","D2361","Other benign neoplasm of skin of right upper limb, including shoulder"
"1019","D2362","Other benign neoplasm of skin of left upper limb, including shoulder"
"1020","D2370","Other benign neoplasm of skin of unspecified lower limb, including hip"
"1021","D2371","Other benign neoplasm of skin of right lower limb, including hip"
"1022","D2372","Other benign neoplasm of skin of left lower limb, including hip"
"1023","D239","Other benign neoplasm of skin, unspecified"
"1024","D241","Benign neoplasm of right breast"
"1025","D242","Benign neoplasm of left breast"
"1026","D249","Benign neoplasm of unspecified breast"
"1027","D260","Other benign neoplasm of cervix uteri"
"1028","D261","Other benign neoplasm of corpus uteri"
"1029","D267","Other benign neoplasm of other parts of uterus"
"1030","D269","Other benign neoplasm of uterus, unspecified"
"1031","D270","Benign neoplasm of right ovary"
"1032","D271","Benign neoplasm of left ovary"
"1033","D279","Benign neoplasm of unspecified ovary"
"1034","D280","Benign neoplasm of vulva"
"1035","D281","Benign neoplasm of vagina"
"1036","D282","Benign neoplasm of uterine tubes and ligaments"
"1037","D287","Benign neoplasm of other specified female genital organs"
"1038","D289","Benign neoplasm of female genital organ, unspecified"
"1039","D290","Benign neoplasm of penis"
"1040","D291","Benign neoplasm of prostate"
"1041","D2920","Benign neoplasm of unspecified testis"
"1042","D2921","Benign neoplasm of right testis"
"1043","D2922","Benign neoplasm of left testis"
"1044","D2930","Benign neoplasm of unspecified epididymis"
"1045","D2931","Benign neoplasm of right epididymis"
"1046","D2932","Benign neoplasm of left epididymis"
"1047","D294","Benign neoplasm of scrotum"
"1048","D298","Benign neoplasm of other specified male genital organs"
"1049","D299","Benign neoplasm of male genital organ, unspecified"
"1050","D3000","Benign neoplasm of unspecified kidney"
"1051","D3001","Benign neoplasm of right kidney"
"1052","D3002","Benign neoplasm of left kidney"
"1053","D3010","Benign neoplasm of unspecified renal pelvis"
"1054","D3011","Benign neoplasm of right renal pelvis"
"1055","D3012","Benign neoplasm of left renal pelvis"
"1056","D3020","Benign neoplasm of unspecified ureter"
"1057","D3021","Benign neoplasm of right ureter"
"1058","D3022","Benign neoplasm of left ureter"
"1059","D303","Benign neoplasm of bladder"
"1060","D304","Benign neoplasm of urethra"
"1061","D308","Benign neoplasm of other specified urinary organs"
"1062","D309","Benign neoplasm of urinary organ, unspecified"
"1063","D3100","Benign neoplasm of unspecified conjunctiva"
"1064","D3101","Benign neoplasm of right conjunctiva"
"1065","D3102","Benign neoplasm of left conjunctiva"
"1066","D3110","Benign neoplasm of unspecified cornea"
"1067","D3111","Benign neoplasm of right cornea"
"1068","D3112","Benign neoplasm of left cornea"
"1069","D3120","Benign neoplasm of unspecified retina"
"1070","D3121","Benign neoplasm of right retina"
"1071","D3122","Benign neoplasm of left retina"
"1072","D3130","Benign neoplasm of unspecified choroid"
"1073","D3131","Benign neoplasm of right choroid"
"1074","D3132","Benign neoplasm of left choroid"
"1075","D3140","Benign neoplasm of unspecified ciliary body"
"1076","D3141","Benign neoplasm of right ciliary body"
"1077","D3142","Benign neoplasm of left ciliary body"
"1078","D3150","Benign neoplasm of unspecified lacrimal gland and duct"
"1079","D3151","Benign neoplasm of right lacrimal gland and duct"
"1080","D3152","Benign neoplasm of left lacrimal gland and duct"
"1081","D3160","Benign neoplasm of unspecified site of unspecified orbit"
"1082","D3161","Benign neoplasm of unspecified site of right orbit"
"1083","D3162","Benign neoplasm of unspecified site of left orbit"
"1084","D3190","Benign neoplasm of unspecified part of unspecified eye"
"1085","D3191","Benign neoplasm of unspecified part of right eye"
"1086","D3192","Benign neoplasm of unspecified part of left eye"
"1087","D320","Benign neoplasm of cerebral meninges"
"1088","D321","Benign neoplasm of spinal meninges"
"1089","D329","Benign neoplasm of meninges, unspecified"
"1090","D330","Benign neoplasm of brain, supratentorial"
"1091","D331","Benign neoplasm of brain, infratentorial"
"1092","D332","Benign neoplasm of brain, unspecified"
"1093","D333","Benign neoplasm of cranial nerves"
"1094","D334","Benign neoplasm of spinal cord"
"1095","D337","Benign neoplasm of other specified parts of central nervous system"
"1096","D339","Benign neoplasm of central nervous system, unspecified"
"1097","D34","Benign neoplasm of thyroid gland"
"1098","D3500","Benign neoplasm of unspecified adrenal gland"
"1099","D3501","Benign neoplasm of right adrenal gland"
"1100","D3502","Benign neoplasm of left adrenal gland"
"1101","D351","Benign neoplasm of parathyroid gland"
"1102","D352","Benign neoplasm of pituitary gland"
"1103","D353","Benign neoplasm of craniopharyngeal duct"
"1104","D354","Benign neoplasm of pineal gland"
"1105","D355","Benign neoplasm of carotid body"
"1106","D356","Benign neoplasm of aortic body and other paraganglia"
"1107","D357","Benign neoplasm of other specified endocrine glands"
"1108","D359","Benign neoplasm of endocrine gland, unspecified"
"1109","D360","Benign neoplasm of lymph nodes"
"1110","D3610","Benign neoplasm of peripheral nerves and autonomic nervous system, unspecified"
"1111","D3611","Benign neoplasm of peripheral nerves and autonomic nervous system of face, head, and neck"
"1112","D3612","Benign neoplasm of peripheral nerves and autonomic nervous system, upper limb, including shoulder"
"1113","D3613","Benign neoplasm of peripheral nerves and autonomic nervous system of lower limb, including hip"
"1114","D3614","Benign neoplasm of peripheral nerves and autonomic nervous system of thorax"
"1115","D3615","Benign neoplasm of peripheral nerves and autonomic nervous system of abdomen"
"1116","D3616","Benign neoplasm of peripheral nerves and autonomic nervous system of pelvis"
"1117","D3617","Benign neoplasm of peripheral nerves and autonomic nervous system of trunk, unspecified"
"1118","D367","Benign neoplasm of other specified sites"
"1119","D369","Benign neoplasm, unspecified site"
"1120","D3701","Neoplasm of uncertain behavior of lip"
"1121","D3702","Neoplasm of uncertain behavior of tongue"
"1122","D37030","Neoplasm of uncertain behavior of the parotid salivary glands"
"1123","D37031","Neoplasm of uncertain behavior of the sublingual salivary glands"
"1124","D37032","Neoplasm of uncertain behavior of the submandibular salivary glands"
"1125","D37039","Neoplasm of uncertain behavior of the major salivary glands, unspecified"
"1126","D3704","Neoplasm of uncertain behavior of the minor salivary glands"
"1127","D3705","Neoplasm of uncertain behavior of pharynx"
"1128","D3709","Neoplasm of uncertain behavior of other specified sites of the oral cavity"
"1129","D371","Neoplasm of uncertain behavior of stomach"
"1130","D372","Neoplasm of uncertain behavior of small intestine"
"1131","D373","Neoplasm of uncertain behavior of appendix"
"1132","D374","Neoplasm of uncertain behavior of colon"
"1133","D375","Neoplasm of uncertain behavior of rectum"
"1134","D376","Neoplasm of uncertain behavior of liver, gallbladder and bile ducts"
"1135","D378","Neoplasm of uncertain behavior of other specified digestive organs"
"1136","D379","Neoplasm of uncertain behavior of digestive organ, unspecified"
"1137","D380","Neoplasm of uncertain behavior of larynx"
"1138","D381","Neoplasm of uncertain behavior of trachea, bronchus and lung"
"1139","D382","Neoplasm of uncertain behavior of pleura"
"1140","D383","Neoplasm of uncertain behavior of mediastinum"
"1141","D384","Neoplasm of uncertain behavior of thymus"
"1142","D385","Neoplasm of uncertain behavior of other respiratory organs"
"1143","D386","Neoplasm of uncertain behavior of respiratory organ, unspecified"
"1144","D390","Neoplasm of uncertain behavior of uterus"
"1145","D3910","Neoplasm of uncertain behavior of unspecified ovary"
"1146","D3911","Neoplasm of uncertain behavior of right ovary"
"1147","D3912","Neoplasm of uncertain behavior of left ovary"
"1148","D392","Neoplasm of uncertain behavior of placenta"
"1149","D398","Neoplasm of uncertain behavior of other specified female genital organs"
"1150","D399","Neoplasm of uncertain behavior of female genital organ, unspecified"
"1151","D400","Neoplasm of uncertain behavior of prostate"
"1152","D4010","Neoplasm of uncertain behavior of unspecified testis"
"1153","D4011","Neoplasm of uncertain behavior of right testis"
"1154","D4012","Neoplasm of uncertain behavior of left testis"
"1155","D408","Neoplasm of uncertain behavior of other specified male genital organs"
"1156","D409","Neoplasm of uncertain behavior of male genital organ, unspecified"
"1157","D4100","Neoplasm of uncertain behavior of unspecified kidney"
"1158","D4101","Neoplasm of uncertain behavior of right kidney"
"1159","D4102","Neoplasm of uncertain behavior of left kidney"
"1160","D4110","Neoplasm of uncertain behavior of unspecified renal pelvis"
"1161","D4111","Neoplasm of uncertain behavior of right renal pelvis"
"1162","D4112","Neoplasm of uncertain behavior of left renal pelvis"
"1163","D4120","Neoplasm of uncertain behavior of unspecified ureter"
"1164","D4121","Neoplasm of uncertain behavior of right ureter"
"1165","D4122","Neoplasm of uncertain behavior of left ureter"
"1166","D413","Neoplasm of uncertain behavior of urethra"
"1167","D414","Neoplasm of uncertain behavior of bladder"
"1168","D418","Neoplasm of uncertain behavior of other specified urinary organs"
"1169","D419","Neoplasm of uncertain behavior of unspecified urinary organ"
"1170","D420","Neoplasm of uncertain behavior of cerebral meninges"
"1171","D421","Neoplasm of uncertain behavior of spinal meninges"
"1172","D429","Neoplasm of uncertain behavior of meninges, unspecified"
"1173","D430","Neoplasm of uncertain behavior of brain, supratentorial"
"1174","D431","Neoplasm of uncertain behavior of brain, infratentorial"
"1175","D432","Neoplasm of uncertain behavior of brain, unspecified"
"1176","D433","Neoplasm of uncertain behavior of cranial nerves"
"1177","D434","Neoplasm of uncertain behavior of spinal cord"
"1178","D438","Neoplasm of uncertain behavior of other specified parts of central nervous system"
"1179","D439","Neoplasm of uncertain behavior of central nervous system, unspecified"
"1180","D440","Neoplasm of uncertain behavior of thyroid gland"
"1181","D4410","Neoplasm of uncertain behavior of unspecified adrenal gland"
"1182","D4411","Neoplasm of uncertain behavior of right adrenal gland"
"1183","D4412","Neoplasm of uncertain behavior of left adrenal gland"
"1184","D442","Neoplasm of uncertain behavior of parathyroid gland"
"1185","D443","Neoplasm of uncertain behavior of pituitary gland"
"1186","D444","Neoplasm of uncertain behavior of craniopharyngeal duct"
"1187","D445","Neoplasm of uncertain behavior of pineal gland"
"1188","D446","Neoplasm of uncertain behavior of carotid body"
"1189","D447","Neoplasm of uncertain behavior of aortic body and other paraganglia"
"1190","D449","Neoplasm of uncertain behavior of unspecified endocrine gland"
"1191","D47Z9","Other specified neoplasms of uncertain behavior of lymphoid, hematopoietic and related tissue"
"1192","D479","Neoplasm of uncertain behavior of lymphoid, hematopoietic and related tissue, unspecified"
"1193","D480","Neoplasm of uncertain behavior of bone and articular cartilage"
"1194","D481","Neoplasm of uncertain behavior of connective and other soft tissue"
"1195","D482","Neoplasm of uncertain behavior of peripheral nerves and autonomic nervous system"
"1196","D483","Neoplasm of uncertain behavior of retroperitoneum"
"1197","D484","Neoplasm of uncertain behavior of peritoneum"
"1198","D485","Neoplasm of uncertain behavior of skin"
"1199","D4860","Neoplasm of uncertain behavior of unspecified breast"
"1200","D4861","Neoplasm of uncertain behavior of right breast"
"1201","D4862","Neoplasm of uncertain behavior of left breast"
"1202","D487","Neoplasm of uncertain behavior of other specified sites"
"1203","D489","Neoplasm of uncertain behavior, unspecified"
"1204","D490","Neoplasm of unspecified behavior of digestive system"
"1205","D491","Neoplasm of unspecified behavior of respiratory system"
"1206","D492","Neoplasm of unspecified behavior of bone, soft tissue, and skin"
"1207","D493","Neoplasm of unspecified behavior of breast"
"1208","D494","Neoplasm of unspecified behavior of bladder"
"1209","D49511","Neoplasm of unspecified behavior of right kidney"
"1210","D49512","Neoplasm of unspecified behavior of left kidney"
"1211","D49519","Neoplasm of unspecified behavior of unspecified kidney"
"1212","D4959","Neoplasm of unspecified behavior of other genitourinary organ"
"1213","D496","Neoplasm of unspecified behavior of brain"
"1214","D497","Neoplasm of unspecified behavior of endocrine glands and other parts of nervous system"
"1215","D4981","Neoplasm of unspecified behavior of retina and choroid"
"1216","D4989","Neoplasm of unspecified behavior of other specified sites"
"1217","D499","Neoplasm of unspecified behavior of unspecified site"
"1218","G893","Neoplasm related pain (acute) (chronic)"
"1219","H4742","Disorders of optic chiasm in (due to) neoplasm"
"1220","H47521","Disorders of visual pathways in (due to) neoplasm, right side"
"1221","H47522","Disorders of visual pathways in (due to) neoplasm, left side"
"1222","H47529","Disorders of visual pathways in (due to) neoplasm, unspecified side"
"1223","H47631","Disorders of visual cortex in (due to) neoplasm, right side of brain"
"1224","H47632","Disorders of visual cortex in (due to) neoplasm, left side of brain"
"1225","H47639","Disorders of visual cortex in (due to) neoplasm, unspecified side of brain"
"1226","O9A111","Malignant neoplasm complicating pregnancy, first trimester"
"1227","O9A112","Malignant neoplasm complicating pregnancy, second trimester"
"1228","O9A113","Malignant neoplasm complicating pregnancy, third trimester"
"1229","O9A119","Malignant neoplasm complicating pregnancy, unspecified trimester"
"1230","O9A12","Malignant neoplasm complicating childbirth"
"1231","O9A13","Malignant neoplasm complicating the puerperium"
"1232","R9721","Rising PSA following treatment for malignant neoplasm of prostate"
"1233","Z08","Encounter for follow-up examination after completed treatment for malignant neoplasm"
"1234","Z09","Encounter for follow-up examination after completed treatment for conditions other than malignant neoplasm"
"1235","Z120","Encounter for screening for malignant neoplasm of stomach"
"1236","Z1210","Encounter for screening for malignant neoplasm of intestinal tract, unspecified"
"1237","Z1211","Encounter for screening for malignant neoplasm of colon"
"1238","Z1212","Encounter for screening for malignant neoplasm of rectum"
"1239","Z1213","Encounter for screening for malignant neoplasm of small intestine"
"1240","Z122","Encounter for screening for malignant neoplasm of respiratory organs"
"1241","Z1231","Encounter for screening mammogram for malignant neoplasm of breast"
"1242","Z1239","Encounter for other screening for malignant neoplasm of breast"
"1243","Z124","Encounter for screening for malignant neoplasm of cervix"
"1244","Z125","Encounter for screening for malignant neoplasm of prostate"
"1245","Z126","Encounter for screening for malignant neoplasm of bladder"
"1246","Z1271","Encounter for screening for malignant neoplasm of testis"
"1247","Z1272","Encounter for screening for malignant neoplasm of vagina"
"1248","Z1273","Encounter for screening for malignant neoplasm of ovary"
"1249","Z1279","Encounter for screening for malignant neoplasm of other genitourinary organs"
"1250","Z1281","Encounter for screening for malignant neoplasm of oral cavity"
"1251","Z1282","Encounter for screening for malignant neoplasm of nervous system"
"1252","Z1283","Encounter for screening for malignant neoplasm of skin"
"1253","Z1289","Encounter for screening for malignant neoplasm of other sites"
"1254","Z129","Encounter for screening for malignant neoplasm, site unspecified"
"1255","Z1501","Genetic susceptibility to malignant neoplasm of breast"
"1256","Z1502","Genetic susceptibility to malignant neoplasm of ovary"
"1257","Z1503","Genetic susceptibility to malignant neoplasm of prostate"
"1258","Z1504","Genetic susceptibility to malignant neoplasm of endometrium"
"1259","Z1509","Genetic susceptibility to other malignant neoplasm"
"1260","Z483","Aftercare following surgery for neoplasm"
"1261","Z800","Family history of malignant neoplasm of digestive organs"
"1262","Z801","Family history of malignant neoplasm of trachea, bronchus and lung"
"1263","Z802","Family history of malignant neoplasm of other respiratory and intrathoracic organs"
"1264","Z803","Family history of malignant neoplasm of breast"
"1265","Z8041","Family history of malignant neoplasm of ovary"
"1266","Z8042","Family history of malignant neoplasm of prostate"
"1267","Z8043","Family history of malignant neoplasm of testis"
"1268","Z8049","Family history of malignant neoplasm of other genital organs"
"1269","Z8051","Family history of malignant neoplasm of kidney"
"1270","Z8052","Family history of malignant neoplasm of bladder"
"1271","Z8059","Family history of malignant neoplasm of other urinary tract organ"
"1272","Z807","Family history of other malignant neoplasms of lymphoid, hematopoietic and related tissues"
"1273","Z808","Family history of malignant neoplasm of other organs or systems"
"1274","Z809","Family history of malignant neoplasm, unspecified"
"1275","Z8500","Personal history of malignant neoplasm of unspecified digestive organ"
"1276","Z8501","Personal history of malignant neoplasm of esophagus"
"1277","Z85028","Personal history of other malignant neoplasm of stomach"
"1278","Z85038","Personal history of other malignant neoplasm of large intestine"
"1279","Z85048","Personal history of other malignant neoplasm of rectum, rectosigmoid junction, and anus"
"1280","Z8505","Personal history of malignant neoplasm of liver"
"1281","Z85068","Personal history of other malignant neoplasm of small intestine"
"1282","Z8507","Personal history of malignant neoplasm of pancreas"
"1283","Z8509","Personal history of malignant neoplasm of other digestive organs"
"1284","Z85118","Personal history of other malignant neoplasm of bronchus and lung"
"1285","Z8512","Personal history of malignant neoplasm of trachea"
"1286","Z8520","Personal history of malignant neoplasm of unspecified respiratory organ"
"1287","Z8521","Personal history of malignant neoplasm of larynx"
"1288","Z8522","Personal history of malignant neoplasm of nasal cavities, middle ear, and accessory sinuses"
"1289","Z85238","Personal history of other malignant neoplasm of thymus"
"1290","Z8529","Personal history of malignant neoplasm of other respiratory and intrathoracic organs"
"1291","Z853","Personal history of malignant neoplasm of breast"
"1292","Z8540","Personal history of malignant neoplasm of unspecified female genital organ"
"1293","Z8541","Personal history of malignant neoplasm of cervix uteri"
"1294","Z8542","Personal history of malignant neoplasm of other parts of uterus"
"1295","Z8543","Personal history of malignant neoplasm of ovary"
"1296","Z8544","Personal history of malignant neoplasm of other female genital organs"
"1297","Z8545","Personal history of malignant neoplasm of unspecified male genital organ"
"1298","Z8546","Personal history of malignant neoplasm of prostate"
"1299","Z8547","Personal history of malignant neoplasm of testis"
"1300","Z8548","Personal history of malignant neoplasm of epididymis"
"1301","Z8549","Personal history of malignant neoplasm of other male genital organs"
"1302","Z8550","Personal history of malignant neoplasm of unspecified urinary tract organ"
"1303","Z8551","Personal history of malignant neoplasm of bladder"
"1304","Z85528","Personal history of other malignant neoplasm of kidney"
"1305","Z8553","Personal history of malignant neoplasm of renal pelvis"
"1306","Z8554","Personal history of malignant neoplasm of ureter"
"1307","Z8559","Personal history of malignant neoplasm of other urinary tract organ"
"1308","Z8571","Personal history of Hodgkin lymphoma"
"1309","Z8572","Personal history of non-Hodgkin lymphomas"
"1310","Z8579","Personal history of other malignant neoplasms of lymphoid, hematopoietic and related tissues"
"1311","Z85810","Personal history of malignant neoplasm of tongue"
"1312","Z85818","Personal history of malignant neoplasm of other sites of lip, oral cavity, and pharynx"
"1313","Z85819","Personal history of malignant neoplasm of unspecified site of lip, oral cavity, and pharynx"
"1314","Z85820","Personal history of malignant melanoma of skin"
"1315","Z85828","Personal history of other malignant neoplasm of skin"
"1316","Z85830","Personal history of malignant neoplasm of bone"
"1317","Z85831","Personal history of malignant neoplasm of soft tissue"
"1318","Z85840","Personal history of malignant neoplasm of eye"
"1319","Z85841","Personal history of malignant neoplasm of brain"
"1320","Z85848","Personal history of malignant neoplasm of other parts of nervous tissue"
"1321","Z85850","Personal history of malignant neoplasm of thyroid"
"1322","Z85858","Personal history of malignant neoplasm of other endocrine glands"
"1323","Z8589","Personal history of malignant neoplasm of other organs and systems"
"1324","Z859","Personal history of malignant neoplasm, unspecified"
"1325","Z86000","Personal history of in-situ neoplasm of breast"
"1326","Z86001","Personal history of in-situ neoplasm of cervix uteri"
"1327","Z86008","Personal history of in-situ neoplasm of other site"
"1328","Z86011","Personal history of benign neoplasm of the brain"
"1329","Z86018","Personal history of other benign neoplasm"
"1330","Z8603","Personal history of neoplasm of uncertain behavior"
